Price,Close,High,Low,Open,Volume
02-03-2020,11.31091881,12.0802282,11.2277503,11.95547497,346126
03-03-2020,11.64359474,12.30894191,11.16537555,11.72676326,397380
04-03-2020,12.22577286,12.35052609,11.64359423,12.24656569,558815
05-03-2020,12.45448875,12.47528065,12.05943711,12.22577415,442815
06-03-2020,12.30894184,12.43369508,11.8307236,12.16339765,441406
09-03-2020,11.97626686,12.05943537,11.3317107,11.3317107,747339
11-03-2020,11.78913879,11.93468487,11.51884136,11.51884136,275685
12-03-2020,10.02180767,11.47725705,9.813885927,11.31091909,2714734
13-03-2020,9.813885689,9.93863892,8.129722719,8.7326951,1545181
16-03-2020,9.169329643,9.730717307,8.878239394,9.605964074,668699
17-03-2020,9.294082642,9.813885567,9.086160906,9.086160906,298198
18-03-2020,8.420812607,10.56240274,8.233682767,9.398041813,1326678
19-03-2020,8.129723549,8.400020988,7.651505293,7.901010839,563391
20-03-2020,7.984177589,8.379229175,7.713880178,8.129722712,1312209
23-03-2020,6.507937431,7.630712376,6.445561281,7.630712376,783047
24-03-2020,6.112886429,7.131701384,5.405953622,6.757442617,900300
25-03-2020,6.715857983,6.715857983,5.842588677,6.133677974,504077
26-03-2020,7.381206036,7.381206036,6.5495214,7.069324356,769163
27-03-2020,7.713881016,8.067346972,7.401999317,7.651505336,1042355
30-03-2020,8.004970551,8.088139059,7.360414377,7.651504627,333119
31-03-2020,8.23368454,8.400021582,7.776258616,8.316853061,308864
01-04-2020,8.212892532,8.275268208,7.901010382,8.150514971,233892
03-04-2020,7.984177589,8.150514603,7.817841519,7.901010025,162825
07-04-2020,8.129723549,8.212893007,7.817842324,8.02576314,267674
08-04-2020,7.797049046,8.379229562,7.73467337,8.129723088,439026
09-04-2020,7.817842007,8.046554707,7.71388066,7.921802411,298609
13-04-2020,7.443583012,7.984177852,7.443583012,7.942595011,262785
15-04-2020,7.381206036,7.505959273,7.31883036,7.485167381,331434
16-04-2020,7.401998997,7.485167509,7.110908733,7.464375145,292467
17-04-2020,7.526751995,7.693089496,7.401999223,7.401999223,649763
20-04-2020,7.651504517,7.81784153,7.505958923,7.81784153,658266
21-04-2020,7.609920502,7.693089488,7.401999215,7.693089488,277244
22-04-2020,7.48516798,7.609920756,7.422790885,7.443583721,306444
23-04-2020,7.443583012,7.485167266,7.339621668,7.339621668,293166
24-04-2020,7.090117455,7.422790567,7.090117455,7.110908876,392165
27-04-2020,6.986155987,7.235661995,6.840611326,6.840611326,389752
28-04-2020,6.986155987,7.027740243,6.715858557,7.027740243,149447
29-04-2020,7.027739525,7.173285114,6.965363854,7.027739525,424422
30-04-2020,7.006948948,7.25645449,6.986156112,7.069324626,545104
04-05-2020,6.902987003,6.96536409,6.73664999,6.819818497,231272
05-05-2020,6.778234482,6.965364336,6.736650227,6.923780081,273778
06-05-2020,6.570313931,7.006948859,6.445561161,6.799027105,209983
07-05-2020,6.40397644,6.695065743,6.3000151,6.653481018,299180
08-05-2020,6.216846943,6.61189808,6.154470795,6.61189808,533809
11-05-2020,6.237639904,6.507937336,6.133678556,6.507937336,452000
12-05-2020,6.216846943,6.403976801,6.112886539,6.403976801,252437
13-05-2020,6.237639904,6.507937336,6.196055647,6.507937336,793430
14-05-2020,6.196055412,6.362392432,5.946549411,6.362392432,230782
15-05-2020,6.216846943,6.34159971,5.967342351,6.34159971,143923
18-05-2020,6.008925438,6.341599471,5.925757872,6.341599471,260458
19-05-2020,6.092094421,6.237640029,5.946549756,6.071302528,229630
20-05-2020,6.133678436,6.300015459,5.967342356,6.300015459,158765
21-05-2020,6.237639904,6.300015582,6.154470919,6.216847069,154543
22-05-2020,6.071302414,6.237639912,5.946549644,6.237639912,183299
26-05-2020,6.029717445,6.133677839,5.967341775,6.071301697,193634
27-05-2020,6.092094421,6.175262936,6.050510164,6.175262936,164204
28-05-2020,6.216846943,6.258431199,5.988133772,6.112886539,233221
29-05-2020,6.237639904,6.258431325,6.133678556,6.237639904,211207
01-06-2020,6.237639904,6.487145444,6.154470919,6.258431325,1169724
02-06-2020,6.237639904,6.362392674,6.133678556,6.362392674,663082
03-06-2020,6.46635294,6.549521451,6.175262678,6.32080828,3453452
04-06-2020,6.778234482,6.778234482,6.34159957,6.591105571,1542588
05-06-2020,7.443583012,7.443583012,7.131701337,7.152492757,1397386
08-06-2020,8.129723549,8.171308278,7.713880972,7.817842324,1926277
09-06-2020,8.940617561,8.940617561,8.27526851,8.400020809,2143575
10-06-2020,9.377251625,9.377251625,9.252498389,9.314874064,292217
11-06-2020,9.834677696,9.834677696,8.919823256,9.834677696,2287431
12-06-2020,10.1049757,10.2921046,9.356458214,9.439626719,1384081
15-06-2020,9.980223656,10.39606717,9.751510947,10.39606717,1236353
16-06-2020,9.980223656,10.35448244,9.481212567,10.16735258,1267463
17-06-2020,9.709925652,9.938639289,9.647549033,9.938639289,428130
18-06-2020,9.834677696,9.980221864,9.564379365,9.709924475,549395
19-06-2020,9.980223656,10.1049769,9.647549597,10.1049769,359024
22-06-2020,10.25052166,10.47923627,10.08418462,10.43765154,674585
23-06-2020,10.02180767,10.2713132,9.980222945,10.2713132,418382
24-06-2020,9.980223656,10.18814541,9.855470412,9.876263248,661456
25-06-2020,9.730717659,10.0633917,9.647549148,9.980223192,131593
26-06-2020,9.564379692,9.917846535,9.522794969,9.668341027,400428
29-06-2020,9.294082642,9.605963831,9.210914136,9.605963831,323556
30-06-2020,9.41883564,9.751510631,9.294083343,9.294083343,301183
01-07-2020,9.543587685,9.730716578,9.356457849,9.418834461,316057
02-07-2020,10.00101471,10.00101471,9.522795554,9.68913257,639568
03-07-2020,9.772301674,10.5000264,9.647549376,10.5000264,1281203
06-07-2020,9.959431648,10.14656057,9.689133271,9.793094621,273248
07-07-2020,9.75151062,10.00101521,9.585172654,10.00101521,285412
08-07-2020,9.647550583,10.00101657,9.56438206,10.00101657,366923
09-07-2020,9.626757622,9.938639785,9.564381001,9.938639785,227029
10-07-2020,9.585173607,9.730718753,9.564381712,9.626758338,225753
13-07-2020,9.564379692,9.689131975,9.522794969,9.626756305,242171
14-07-2020,9.33566761,9.522796536,9.252499094,9.356459504,737605
15-07-2020,9.190122604,9.564380424,9.148537879,9.418835297,507095
16-07-2020,9.210913658,9.335665939,9.044575713,9.190121768,177529
17-07-2020,9.377251625,9.543588645,9.127745152,9.210914605,547717
20-07-2020,9.294082642,9.605963831,9.231706027,9.481211544,342456
21-07-2020,9.169329643,9.439627058,9.148537752,9.439627058,361786
22-07-2020,9.127745628,9.273291707,8.878240085,9.190123192,383394
23-07-2020,9.127745628,9.273291707,8.982201435,9.127745628,418764
24-07-2020,9.148537636,9.190122361,8.961407788,9.148537636,498331
27-07-2020,9.106954575,9.418835793,9.002993226,9.14853836,487582
28-07-2020,9.00299263,9.19012248,8.940616956,9.148537755,208814
29-07-2020,9.023784637,9.106953138,8.795070083,9.023784637,309180
30-07-2020,8.982201576,9.106954821,8.753487923,9.023786305,411383
31-07-2020,8.899031639,9.002992031,8.836655027,8.982200141,397948
03-08-2020,8.982201576,9.314874696,8.774279816,9.314874696,289469
04-08-2020,8.899031639,9.065368644,8.774278414,8.878238806,236281
05-08-2020,9.33566761,9.33566761,8.919825028,9.044577332,548789
06-08-2020,9.793094635,9.793094635,9.418835851,9.668342335,435256
07-08-2020,11.74755478,11.74755478,9.481212146,10.16735213,3122130
10-08-2020,11.49804878,12.89112258,10.89507729,12.60003231,2491489
11-08-2020,11.76834679,12.03864421,11.39408895,11.45646463,1291146
12-08-2020,11.43567276,11.64359451,11.33171141,11.39408898,650576
13-08-2020,11.01982975,11.80993105,11.01982975,11.60200931,382723
14-08-2020,11.01982975,11.43567229,10.81190801,10.81190801,296289
17-08-2020,11.08220673,11.70597009,10.85349214,11.39408888,320554
18-08-2020,11.22775078,11.43567253,10.95745336,10.95745336,523999
19-08-2020,12.2049818,12.82874515,11.04062173,11.3940886,2915838
20-08-2020,11.97626686,12.74557626,11.83072268,11.93468402,1854335
21-08-2020,12.01785183,12.45448721,11.85151576,12.12181317,991994
24-08-2020,14.40894699,14.40894699,12.47527936,12.47527936,3334740
25-08-2020,14.76241302,15.90598028,14.36736331,15.80202082,4384676
26-08-2020,15.11588097,15.76043622,14.78320598,15.38617839,1377801
27-08-2020,14.42974091,15.73964528,14.24261104,15.40697027,1394324
28-08-2020,14.05548,14.78320465,13.95151961,14.47132347,775096
31-08-2020,12.78716087,14.42974017,12.55844817,14.42974017,1061138
01-09-2020,12.53765583,13.0990435,12.26735747,12.89112176,362637
02-09-2020,13.5148859,13.70201577,12.68320076,12.84953873,712644
03-09-2020,13.20300388,13.82676817,12.93270646,13.55646981,335244
04-09-2020,12.8703289,13.22379577,12.80795323,13.22379577,352052
07-09-2020,13.05745888,15.42776188,12.47527931,12.47527931,389149
08-09-2020,12.43369484,13.30696374,12.32973444,13.24458806,452454
09-09-2020,12.03864384,12.4129026,11.83072304,12.26735747,741948
10-09-2020,12.16339684,12.89112151,11.8307228,12.08022833,1295463
11-09-2020,12.1841898,12.6416171,12.03864466,12.1633979,379743
14-09-2020,12.24656487,12.47527849,12.10101975,12.18418825,602974
15-09-2020,12.10102081,12.64161661,11.99706041,12.37131918,709078
16-09-2020,11.93468475,12.45448772,11.89310003,12.45448772,440780
17-09-2020,11.85151482,12.08022749,11.64359309,11.97626616,264750
18-09-2020,11.78913879,12.05943622,11.70597028,12.01785244,173496
21-09-2020,11.14458179,11.8930993,11.06141329,11.78913796,358874
22-09-2020,11.18616676,11.60200931,10.79111611,11.14458204,294281
23-09-2020,10.87428474,11.39408864,10.81190813,11.39408864,216927
24-09-2020,11.12379074,12.01785147,10.9366609,11.39408815,1631822
25-09-2020,12.49607086,13.18221176,11.43567215,11.56042539,2163074
28-09-2020,13.22379684,13.57726374,12.4752802,12.80795427,1470906
29-09-2020,12.89112186,13.49409333,12.72478484,13.2237959,714652
30-09-2020,12.89112186,13.2237959,12.74557674,13.16141929,460051
01-10-2020,13.01587582,13.28617325,12.84953879,12.97429109,643072
05-10-2020,15.074296,15.55251517,12.66240826,12.8911219,5838500
06-10-2020,20.11553383,20.11553383,18.23742543,19.17647869,578056
07-10-2020,21.10401344,21.10401344,21.10401344,21.10401344,19481
08-10-2020,22.14191628,22.14191628,21.10401469,22.14191628,487332
09-10-2020,21.05458832,21.79594709,21.05458832,21.79594709,298170
12-10-2020,20.0166893,20.75804816,20.0166893,20.26380892,49231
13-10-2020,19.02820778,19.67071831,19.02820778,19.02820778,162015
14-10-2020,18.23742485,18.97878355,18.0891516,18.78108715,176177
15-10-2020,19.12705612,19.12705612,18.237426,18.237426,61651
16-10-2020,18.78108978,20.06611096,18.68224156,20.06611096,150710
19-10-2020,18.87993813,19.52244872,18.33627387,18.78108991,81725
20-10-2020,19.27532578,20.95573955,18.92935801,19.72014174,400230
21-10-2020,19.47302437,19.72014396,18.78108876,19.32475111,259957
22-10-2020,19.02820778,19.76956652,18.7810882,19.52244694,197260
23-10-2020,19.02820778,19.47302378,18.92935957,19.27532736,163672
26-10-2020,18.73166656,19.67071992,18.53397013,19.67071992,144822
27-10-2020,18.53396797,19.02820712,18.2868484,19.02820712,91230
28-10-2020,17.99030495,18.73166364,17.34779257,18.38569587,180355
29-10-2020,17.74318886,17.99030847,17.10067636,17.79261203,74141
30-10-2020,17.89146042,18.38569965,17.7926122,17.7926122,63031
02-11-2020,18.38569641,18.58339094,17.99030548,18.23742505,109513
03-11-2020,17.84203529,18.73166741,17.6937639,18.73166741,66802
04-11-2020,17.94088173,18.63281733,17.44664255,18.23742637,83966
05-11-2020,18.18800163,18.28684985,17.7431875,17.7431875,234105
06-11-2020,17.84203529,18.68224235,17.6937639,18.68224235,177683
09-11-2020,17.64434052,18.43512251,16.55701386,18.43512251,251530
10-11-2020,17.74318886,18.03973164,17.59491558,17.99030847,182620
11-11-2020,17.79261017,17.94088154,17.54549058,17.69376196,158184
12-11-2020,17.79261017,17.99030659,17.44664237,17.44664237,216366
13-11-2020,17.74318886,17.89146025,17.59491558,17.79261203,88490
14-11-2020,17.79261017,17.99030659,17.59491375,17.99030659,74140
17-11-2020,17.99030495,18.18799947,17.74318538,18.18799947,211069
18-11-2020,19.7695694,20.21438546,17.84203563,18.23742852,696039
19-11-2020,22.6855793,23.72348083,19.67071915,19.67071915,2715400
20-11-2020,21.30170631,23.5752075,21.05458674,23.13039152,866617
23-11-2020,25.45331955,25.55216777,22.73500387,23.13039486,4611383
24-11-2020,26.59006882,27.47969901,25.65101546,26.93603664,2335680
25-11-2020,25.94755554,27.67739258,25.0085004,27.13373026,837700
26-11-2020,25.99698257,26.88661469,25.20620057,26.88661469,415690
27-11-2020,26.0958271,26.68891447,25.79928436,26.49121805,363183
01-12-2020,26.0958271,26.78776268,25.60158795,26.78776268,438701
02-12-2020,26.04640388,26.49121799,25.05792557,26.49121799,452983
03-12-2020,26.63949013,27.28200063,25.74985818,26.34294552,602454
04-12-2020,26.98545837,27.97393673,26.54064424,27.13373164,933316
07-12-2020,26.83718681,27.57854558,26.7383386,27.57854558,533527
08-12-2020,25.6015892,26.98545853,24.61311084,26.8866122,871077
09-12-2020,26.2935257,27.28200409,25.74986145,25.99698105,842962
10-12-2020,25.70043945,26.5406465,25.40389668,26.29352689,416175
11-12-2020,25.55216599,26.63949256,25.20619818,25.94755695,679762
14-12-2020,25.65101433,26.09582846,25.15677515,25.79928571,464932
15-12-2020,25.35447121,25.84871042,25.20619982,25.79928725,302512
16-12-2020,26.04640388,26.39237167,25.20619694,25.50273968,1166470
17-12-2020,25.89813614,27.1337342,25.70043969,26.39237536,1841535
18-12-2020,24.66253662,26.19467737,24.46484019,26.14525421,995927
21-12-2020,24.31656837,26.04640553,23.57520959,24.71195935,2080641
22-12-2020,24.24714851,25.18926559,22.46208129,24.29673293,576182
23-12-2020,24.49507713,24.99092888,24.0488098,24.29673568,395834
24-12-2020,23.9992218,25.53636124,23.75129596,24.69341301,674570
28-12-2020,26.2305584,26.37931354,23.99922551,23.99922551,1636010
29-12-2020,27.27184486,28.16437759,26.32972583,28.11479317,2642593
30-12-2020,26.92474747,27.42059918,26.08179918,27.42059918,795226
31-12-2020,26.87516403,27.22226062,26.77599331,26.77599331,427605
01-01-2021,26.62723732,27.02391831,26.5280666,26.9743339,336364
04-01-2021,26.62723732,27.51977002,26.37931146,27.22225975,669866
05-01-2021,26.62723732,27.12308903,26.32972516,26.57765101,609495
06-01-2021,26.47848129,27.07350181,26.03221401,26.92474668,725241
07-01-2021,26.77599144,27.27184313,26.23055533,27.02391729,799754
08-01-2021,26.47848129,27.07350181,26.37931058,27.07350181,446624
11-01-2021,29.106493,29.106493,26.57764838,26.67681909,3782795
12-01-2021,31.28824234,31.9824355,27.66852521,28.75939936,3839954
13-01-2021,30.19737053,32.18077741,29.89985836,31.43699983,1349424
14-01-2021,33.17248154,33.17248154,29.35442283,30.49488143,1875444
15-01-2021,34.31293869,36.09800797,32.72621464,33.86667515,1805988
18-01-2021,32.72621155,34.31293544,32.62704272,34.31293544,1408156
19-01-2021,34.36252594,34.36252594,33.22206546,33.37082249,1200939
20-01-2021,36.04841614,36.04841614,34.85837512,34.95754394,1267730
21-01-2021,36.84178543,37.8334889,35.10630436,37.8334889,4897869
22-01-2021,38.67642975,38.67642975,36.04841442,36.64343869,1773725
25-01-2021,39.32104492,40.6102587,37.78390148,39.86648109,2943679
27-01-2021,37.53597641,39.96565077,37.38722315,39.32104576,1826045
28-01-2021,38.8251915,39.37062764,36.24676026,36.34593288,1216638
29-01-2021,40.65983582,40.75900463,38.92435502,38.92435502,872255
01-02-2021,39.71772003,41.84988383,38.62684782,41.45320097,1491616
02-02-2021,39.76730347,41.35403112,39.02352594,40.16398633,892194
03-02-2021,39.81689453,40.11440481,38.27975118,39.81689453,703571
04-02-2021,40.41191101,41.35402994,39.32103885,39.86647493,679516
05-02-2021,41.0069313,41.65153998,39.66813332,39.66813332,975113
08-02-2021,43.03992844,43.03992844,41.35403192,41.35403192,993904
09-02-2021,45.17209244,45.17209244,43.9324631,44.329146,621821
10-02-2021,42.99034119,47.10591184,42.94075677,46.56047572,1830241
11-02-2021,42.84159088,44.32914609,40.95735277,41.20527863,736073
12-02-2021,42.74241257,43.6845315,42.14739207,42.94075399,369546
15-02-2021,41.55237579,43.43661007,40.80859821,41.30444993,710285
16-02-2021,40.16399384,42.39532683,39.7673109,41.15569739,443860
17-02-2021,40.31274414,41.45320076,40.21357153,40.65983881,247669
18-02-2021,41.25485992,41.84988423,40.01523067,40.36232913,419045
19-02-2021,43.28785324,43.28785324,40.41191198,41.25485832,1057649
22-02-2021,45.42001724,45.42001724,44.62665524,44.92416552,274199
23-02-2021,47.6513443,47.6513443,46.61005656,47.45300288,347936
24-02-2021,48.04803467,50.03144164,45.46960333,50.03144164,1487220
25-02-2021,46.85798645,49.48600202,46.65964501,48.79180887,826022
26-02-2021,49.13890457,49.18848899,45.12250641,45.12250641,799462
01-03-2021,51.56858063,51.56858063,50.22978245,51.56858063,1558992
02-03-2021,51.12231064,53.35364334,49.83309695,51.56857793,1308860
03-03-2021,53.65115356,53.65115356,51.96526078,52.0644296,653829
04-03-2021,56.32875443,56.32875443,54.04783728,56.32875443,1080454
05-03-2021,59.10552216,59.10552216,59.10552216,59.10552216,379392
08-03-2021,58.26258087,62.03105343,57.07253591,59.50221025,3502512
09-03-2021,55.98165894,59.10552245,55.38663461,58.46091749,1616332
10-03-2021,58.51049805,58.75842389,53.55198126,56.92377419,1406501
12-03-2021,55.73373413,59.40303762,55.5849771,59.00635473,807019
15-03-2021,55.43622589,56.82460849,53.00655162,54.94037415,871347
16-03-2021,56.52709579,56.87419048,54.29576307,55.53539236,802640
17-03-2021,53.94866562,56.97336018,53.70073977,55.53538952,577646
18-03-2021,51.51899338,55.58497588,51.27106752,54.34534661,627048
19-03-2021,53.89908218,54.04783922,48.99015302,49.68434243,1168430
22-03-2021,53.65115356,55.58497599,53.50240032,54.54368816,314182
23-03-2021,56.32875443,56.32875443,54.04783728,54.04783728,479764
24-03-2021,55.43622589,58.51050516,54.54369125,58.51050516,547335
25-03-2021,53.65115356,55.43622275,52.70903834,55.43622275,666193
26-03-2021,55.03953552,55.5849716,54.29575802,54.39492684,566511
30-03-2021,55.33705521,55.53539667,54.49410873,55.33705521,252415
31-03-2021,53.89908218,55.33705297,53.75032893,55.33705297,205074
01-04-2021,55.48580933,56.57668162,54.04783855,54.94037318,1061775
05-04-2021,53.40322876,55.88248736,52.90737704,55.6345615,483435
06-04-2021,52.8577919,55.23788164,51.71733523,54.24617821,298928
07-04-2021,52.51069641,54.14700477,51.91567209,53.55198424,257282
08-04-2021,52.75862503,53.94866994,52.56028358,53.55198704,317520
09-04-2021,52.80821228,53.55198992,52.60987082,53.35364846,173504
12-04-2021,50.18019104,51.76691877,50.18019104,50.9239686,475351
13-04-2021,49.28766251,50.87438652,48.19678643,50.08102451,298366
15-04-2021,50.82479858,51.66774495,46.90756945,47.84968842,770500
16-04-2021,50.03143692,50.82479888,49.63475405,50.57687303,196624
19-04-2021,47.6513443,48.84138905,47.55217548,47.89927013,500039
20-04-2021,49.53558731,50.03143903,47.45300783,47.99844774,1116716
22-04-2021,51.07273102,51.86609307,49.58517575,50.0810275,372416
23-04-2021,49.03973389,51.0727251,48.5934666,51.0727251,223919
26-04-2021,48.6926384,50.37853504,48.59346956,49.03973688,226717
27-04-2021,50.27936554,51.12231196,48.39512748,48.8909792,304995
28-04-2021,51.12231064,52.7586228,50.77521595,51.37023649,997861
29-04-2021,50.03143692,51.96525929,49.58516964,51.66774525,260379
30-04-2021,52.36193848,52.5106955,48.34554049,49.38682829,783724
03-05-2021,51.76691818,53.55198354,50.67604217,52.26276988,427458
04-05-2021,52.65944672,53.65115007,50.03143509,52.16359504,379169
05-05-2021,55.13871002,55.28746705,52.31235672,52.56028258,1002975
06-05-2021,52.8577919,55.53539191,52.4611128,55.53539191,598855
07-05-2021,51.32065201,53.35364326,50.67604327,52.56028128,191422
10-05-2021,50.42811966,52.80820949,49.58517323,51.32065429,462710
11-05-2021,50.03143692,51.76691786,49.68433846,50.77521446,453507
12-05-2021,50.18019104,51.17189445,49.68433933,50.5272895,192447
14-05-2021,49.83309937,50.87438725,49.73393053,50.47770813,279696
17-05-2021,49.23807526,50.9735562,48.8909768,48.8909768,300381
18-05-2021,49.83309937,50.57687697,49.63475791,49.68434233,189512
19-05-2021,52.31235504,52.31235504,49.88268092,50.37853263,1199021
20-05-2021,54.8907814,54.8907814,51.12230926,52.31235409,1057823
21-05-2021,57.6179657,57.6179657,57.6179657,57.6179657,334496
24-05-2021,60.49390793,60.49390793,60.49390793,60.49390793,191575
25-05-2021,59.65096283,63.51860772,57.61796777,63.51860772,4961089
26-05-2021,59.45261765,61.88229165,59.15510739,60.04763815,2475845
27-05-2021,59.99805832,61.08893059,59.30386515,59.5022066,541687
28-05-2021,57.46921539,61.83270828,57.02294809,61.83270828,805914
31-05-2021,59.60137177,60.29556489,57.617965,58.90718242,1297501
01-06-2021,57.02294922,61.38644598,56.62626632,59.45262346,816152
02-06-2021,59.79971313,59.84929755,57.32045468,59.00635119,1133064
03-06-2021,62.57648468,62.77482612,59.25427972,59.6013744,2518142
04-06-2021,65.7003479,65.7003479,62.77482222,62.92357924,1528445
07-06-2021,64.85741425,68.82422848,62.97317597,66.64247611,2145375
08-06-2021,64.06404114,65.84911037,63.71694644,65.84911037,523640
09-06-2021,61.8822937,65.15491038,60.98975913,64.95657273,392571
10-06-2021,62.52690125,63.46902027,61.23768753,63.12192558,164948
11-06-2021,61.23768997,63.81611751,60.49391236,63.4690228,202722
14-06-2021,59.5022049,63.02275126,58.26257563,60.49390831,617957
15-06-2021,59.75013351,60.79142139,58.70884564,59.50220765,212377
16-06-2021,57.96506882,60.49391192,57.81631178,59.30386699,200561
17-06-2021,56.77501678,59.35344398,56.52709095,59.35344398,135143
18-06-2021,56.27917099,58.41133493,54.04783822,56.77502272,152124
21-06-2021,57.76672363,58.51050119,53.55198414,56.47750996,123648
22-06-2021,57.6179657,59.25427781,56.52709348,57.76672272,203634
23-06-2021,57.51879883,58.90718514,57.02294711,58.11381937,92097
24-06-2021,57.17170334,58.16340675,55.88248587,55.88248587,101903
25-06-2021,57.56838226,58.51050126,56.52709444,58.11381838,86527
28-06-2021,56.67585373,58.5105036,56.03124497,57.61796898,151500
29-06-2021,57.22129059,57.51880087,55.63456278,55.63456278,84918
30-06-2021,59.25428009,60.04764208,57.1221162,57.22128881,346771
01-07-2021,58.51049805,59.10551855,57.02294301,57.5683791,149578
02-07-2021,58.46091843,59.50220628,56.67585299,57.76672526,360949
05-07-2021,61.33685684,61.33685684,59.00635525,59.00635525,522069
06-07-2021,64.36154938,64.36154938,63.8656977,64.36154938,236309
07-07-2021,65.40283966,66.39454311,62.4773175,65.45242786,799524
08-07-2021,63.7665329,67.33666369,62.52689984,65.65076334,473594
09-07-2021,63.96487045,65.35325675,61.63436893,64.46072216,207383
12-07-2021,67.13831329,67.13831329,63.51860214,65.35325182,557122
13-07-2021,70.26217651,70.46052171,68.03084411,69.61756786,1118018
14-07-2021,69.8655014,72.3943481,69.4192379,69.4192379,350349
15-07-2021,71.7497406,73.33646455,67.38624406,70.90679421,842511
16-07-2021,70.01425934,71.74974031,68.62587305,71.74974031,178671
19-07-2021,67.8325119,70.90679083,67.08873438,67.08873438,233206
20-07-2021,66.39453888,67.78292514,64.51030849,66.64246473,473699
22-07-2021,68.57628632,69.02254978,66.54329148,67.73334,160003
23-07-2021,67.3862381,68.57628663,67.03914345,68.57628663,315390
26-07-2021,68.42753601,68.92338772,65.65076341,66.39454097,178242
27-07-2021,67.43582916,69.56799292,67.38624097,69.56799292,211230
28-07-2021,65.30367279,68.92339201,64.46072634,67.93168853,307960
29-07-2021,65.7003479,66.93997711,63.46901533,64.95657038,131873
30-07-2021,64.31196594,66.44412983,63.96487125,64.70864883,163202
02-08-2021,66.0474472,66.98957001,61.98146464,63.96487151,542409
03-08-2021,69.32006836,69.32006836,65.50201183,66.34495819,868746
04-08-2021,71.99766541,72.74144296,69.5184069,69.61757573,1019610
05-08-2021,70.11343384,71.79933431,68.42754093,71.10513733,266421
06-08-2021,68.37794495,70.4109399,67.43582976,70.3613517,396429
09-08-2021,66.49372101,69.22090556,65.45242933,68.37795156,438875
10-08-2021,63.61777496,67.23749391,63.17150767,67.23749391,379776
11-08-2021,63.51861191,64.85741011,60.4443288,63.46902371,262091
12-08-2021,62.87399673,64.36155183,61.28726903,63.46901726,296203
13-08-2021,62.17980576,63.96487117,60.09722628,62.87399891,106610
16-08-2021,61.68395233,63.56818652,61.13851622,63.12192302,151184
17-08-2021,58.60967255,63.32026395,58.60967255,63.32026395,322404
18-08-2021,59.75013351,60.19640083,56.52709727,59.40303882,297055
20-08-2021,57.51879883,59.40303685,57.22128856,57.27087297,173869
23-08-2021,57.96506882,58.80801526,55.03954281,57.5188015,166336
24-08-2021,56.62626266,58.46091623,56.03124214,58.46091623,76026
25-08-2021,56.97336197,59.45262051,56.52709468,56.6262635,116132
26-08-2021,59.79971313,59.79971313,56.57667715,57.51879611,178852
27-08-2021,62.27897644,62.77482817,58.51050405,61.48561443,303307
30-08-2021,65.35325623,65.35325623,60.64266503,64.21279579,712163
31-08-2021,64.01446533,66.79123065,63.46902537,65.35326357,595401
01-09-2021,63.36985397,66.24579558,62.57648816,64.65906396,222520
02-09-2021,64.60948181,65.25409057,61.98146613,63.36985249,256220
03-09-2021,63.02275467,65.35326009,62.97317025,62.97317025,177039
06-09-2021,65.30367279,65.6507675,61.68395735,64.85740925,415714
07-09-2021,66.19620514,66.84081389,64.26238644,65.40283935,336663
08-09-2021,69.41924286,69.46883106,65.45242898,65.45242898,977499
09-09-2021,70.51011658,71.79933414,67.43583727,69.41924425,724188
13-09-2021,67.23748779,70.60927301,66.98956196,70.60927301,567329
14-09-2021,66.79122162,68.77462839,65.70034941,67.88209383,200183
15-09-2021,67.3862381,68.08043497,65.50200783,66.79121761,356388
16-09-2021,66.64247131,68.42754062,65.9978701,67.78293184,299869
17-09-2021,64.95657349,67.13831797,64.01445827,66.54329743,400676
20-09-2021,62.08063507,64.70865075,61.73354037,63.36985259,399894
21-09-2021,65.10532379,65.15490442,60.24597606,62.77481874,959465
22-09-2021,68.28363037,68.33329422,65.25431719,66.44618147,1176311
23-09-2021,71.51157379,71.66055775,68.18430069,69.32650096,1755968
24-09-2021,70.56802368,72.95173683,70.51835983,72.20682457,661850
27-09-2021,73.150383,73.99461535,70.81632617,71.61089468,996317
28-09-2021,76.77561951,76.77561951,74.09393107,74.14359492,1519844
29-09-2021,77.07358551,80.5995065,75.4844409,76.67629746,1769390
30-09-2021,75.38512421,79.45730982,74.98783614,77.91782141,548773
01-10-2021,76.03071594,76.97426846,73.49801117,75.98105209,428742
04-10-2021,77.22257233,79.10968493,76.27901981,78.16612484,446974
05-10-2021,75.13681793,77.81849903,74.39190567,76.77562642,445422
06-10-2021,73.89529419,78.36476754,72.40546974,75.48443875,887667
07-10-2021,77.52053833,77.5701946,75.03749748,76.27901791,1236939
08-10-2021,76.67630005,79.06002083,75.98105163,77.47087617,413046
11-10-2021,78.11646271,79.85459121,76.97426246,76.97426246,673176
12-10-2021,74.24291992,78.11646509,74.24291992,78.11646509,705704
13-10-2021,72.95173645,75.38512101,72.00818397,74.49122479,310803
14-10-2021,72.70343781,74.44156651,72.25649345,73.29937371,192642
18-10-2021,72.55445862,75.38512375,72.00818659,75.38512375,158917
19-10-2021,69.77345276,73.79598225,69.52514866,71.75988558,219643
20-10-2021,66.89311981,72.00818554,66.34685536,70.02175284,257149
21-10-2021,66.84346771,69.32650875,65.45296322,68.53193259,145386
22-10-2021,67.68769073,69.22717142,66.89311468,66.89311468,186001
25-10-2021,64.50940704,69.02854504,64.31076678,69.02854504,390095
26-10-2021,65.00600433,65.55227633,62.07601926,65.55227633,273081
27-10-2021,64.65838623,65.55228251,63.76448995,65.55228251,79622
28-10-2021,61.87738037,65.55228177,61.57941621,65.55228177,207251
29-10-2021,60.78483963,62.82093233,59.09637113,62.52296819,250813
01-11-2021,63.81415176,63.81415176,60.88416272,61.57941493,1116852
02-11-2021,65.55227661,66.04888477,62.57262767,65.50261276,598515
03-11-2021,65.25431061,68.28362348,64.65838232,68.28362348,298749
04-11-2021,66.59516144,67.29040987,65.65160133,67.29040987,120227
08-11-2021,68.03531647,68.53192462,65.15498769,65.15498769,173250
09-11-2021,71.0646286,71.41225279,67.53870774,69.02853217,1120730
10-11-2021,74.4912262,74.59054632,69.72378469,71.61089727,1087779
11-11-2021,73.05107117,74.39191183,72.60411923,74.39191183,203733
12-11-2021,72.15717316,74.39191006,71.75988508,74.39191006,232696
15-11-2021,68.82989502,74.14360089,68.58159094,74.09393705,436114
16-11-2021,67.24073792,69.4754745,66.34684934,69.4754745,218750
17-11-2021,67.2904129,68.92922152,66.54550058,67.24074905,90330
18-11-2021,67.04210663,68.53193122,65.85024999,68.4326111,293934
22-11-2021,64.41007996,67.48904918,63.71483153,67.38972906,185020
23-11-2021,64.50940704,65.55228737,63.41687044,63.61551828,103304
24-11-2021,67.68769073,67.68769073,65.05566609,65.40329027,237399
25-11-2021,70.81632233,71.06462639,67.88632981,67.98564993,422200
26-11-2021,67.2904129,70.81633425,67.2904129,70.81633425,600555
29-11-2021,65.25431061,68.58159141,64.31075811,67.83667916,442691
30-11-2021,64.70804596,67.53871101,64.26109406,65.45295821,129819
01-12-2021,64.31075287,66.04888132,62.57262441,65.50260935,315658
02-12-2021,66.74414063,67.48905294,62.27467051,62.27467051,352455
03-12-2021,65.85025024,67.63803521,64.75770614,65.55228229,209508
06-12-2021,69.12784576,69.12784576,68.03530946,69.02852566,453633
07-12-2021,72.55445862,72.55445862,71.56124225,72.55445862,742200
08-12-2021,76.03071594,76.17969234,74.83885176,75.48444391,1551542
09-12-2021,74.83885193,77.91782116,73.49801135,77.91782116,1097777
10-12-2021,77.07358551,78.41442604,74.98783274,75.18647297,766868
13-12-2021,78.96069336,80.89746205,77.12324478,78.61306918,4066018
14-12-2021,77.17290497,80.20221777,76.67629681,80.05323381,659841
15-12-2021,73.34902954,78.36477539,73.34902954,78.36477539,752258
16-12-2021,72.70343781,75.832071,72.00818935,75.832071,663293
17-12-2021,69.92243195,74.68986584,69.07819957,73.49800926,516602
20-12-2021,66.79379272,71.01496178,66.44616855,71.01496178,620200
21-12-2021,70.02175903,70.12107916,67.04210971,67.09177357,554599
22-12-2021,73.49801636,73.49801636,70.61768717,70.91565514,301897
23-12-2021,73.94496155,76.47766652,72.75310484,75.23614596,707026
24-12-2021,70.76667023,75.38512812,70.51836612,75.38512812,652116
27-12-2021,74.29258728,74.29258728,68.53192932,70.51836205,947965
28-12-2021,75.28580475,77.9178221,72.80276379,75.13682078,655276
29-12-2021,74.64020538,76.62663795,74.0939334,75.48443771,297482
30-12-2021,73.29936218,74.98782677,72.75309021,74.98782677,248274
31-12-2021,76.82528687,76.92460699,72.802765,73.9449578,1688897
03-01-2022,75.98105621,78.06680918,75.484448,77.47088085,465687
04-01-2022,74.64020538,76.62663795,73.84562932,76.57697411,335717
05-01-2022,73.94496155,76.47766652,73.00140895,74.64021761,355993
06-01-2022,73.84563446,74.88851466,72.00818572,73.05106592,203930
07-01-2022,75.33545685,75.63342478,73.05106384,73.99461632,453717
10-01-2022,74.54088593,76.47765467,73.99461393,75.73274245,482583
11-01-2022,74.83885193,76.97426864,74.19325977,75.18647614,583964
12-01-2022,78.56341553,78.56341553,75.03750186,75.83207043,2043765
13-01-2022,77.32189178,81.14577324,75.63342701,80.25188458,928069
14-01-2022,81.14577484,81.14577484,76.22935681,76.22935681,2038012
17-01-2022,78.61307526,82.63559691,78.46409129,82.63559691,997724
18-01-2022,77.86816406,82.38729395,77.22257191,80.30154111,934863
19-01-2022,77.91781616,79.25866424,77.47087186,77.96748001,308466
20-01-2022,81.79136658,81.79136658,78.11646904,78.16612531,826673
21-01-2022,82.33763885,85.4166081,79.60629383,83.13220741,1959047
24-01-2022,78.31510925,82.08933449,78.26545298,80.64916621,1096272
25-01-2022,79.35799408,80.79815487,74.44156822,74.44156822,1174516
27-01-2022,83.03288269,83.28118677,77.42120898,79.3083215,1893824
28-01-2022,80.74848938,84.3240666,80.45052145,83.82745844,1417995
31-01-2022,80.99679565,82.38729247,79.01036297,81.5430601,670937
01-02-2022,79.55662537,81.34441777,78.6130729,81.34441777,681042
02-02-2022,79.75527954,81.24510413,79.06002352,80.15256004,305321
03-02-2022,78.11646271,80.05323144,77.61985456,79.45730318,336245
04-02-2022,77.17290497,78.86137726,76.97426474,78.46408921,316820
07-02-2022,76.77561951,77.76883576,75.48443534,77.17289995,344456
08-02-2022,74.34223938,77.07358424,73.79597496,76.97426412,437296
09-02-2022,73.64699554,75.1368201,73.15038736,73.79597952,275782
10-02-2022,73.29936218,74.59053876,73.10071439,74.14359448,450045
11-02-2022,71.11428833,74.09393735,70.51836004,74.09393735,238116
14-02-2022,66.29719543,69.6244689,64.9563548,69.52514877,377497
15-02-2022,72.90207672,72.90207672,62.37398184,67.04209913,1307921
16-02-2022,74.64020538,80.15255122,72.5544527,75.48443771,2381001
17-02-2022,74.78919983,77.61986512,73.7959834,75.43478444,748465
18-02-2022,72.60411072,76.0803678,71.61089441,74.49122322,414152
21-02-2022,71.75988007,75.13681711,70.02175148,71.6108961,789481
22-02-2022,68.92921448,72.60411185,67.53871011,67.53871011,844616
23-02-2022,68.92921448,71.71021564,68.63124655,69.37615879,1093883
24-02-2022,64.45973969,66.94278045,63.06923534,66.94278045,1719750
25-02-2022,70.66734314,70.86598337,64.65838133,64.65838133,2108018
28-02-2022,72.70343781,74.93817472,68.63125206,70.41904462,1382543
02-03-2022,69.32650757,71.95852496,68.78023552,71.51158061,585873
03-03-2022,68.78023529,71.21361242,68.53193119,70.02175578,352067
04-03-2022,67.340065,68.53192148,66.39650502,68.1842973,220591
07-03-2022,64.50940704,67.14143222,63.16856632,67.14143222,483464
08-03-2022,66.44617462,67.73735132,63.81414981,64.21143786,604738
09-03-2022,68.82989502,69.52514342,66.99243874,67.53871075,481492
10-03-2022,68.18430328,71.21360858,67.83667908,71.01496834,427366
11-03-2022,67.19108582,68.92921438,66.59515754,66.84346162,187495
14-03-2022,66.79379272,68.08497688,64.16176815,67.53870491,253743
15-03-2022,64.90668488,68.28362187,64.55906068,67.24074171,752001
16-03-2022,66.14820862,66.74413692,65.25431237,66.0488885,213306
17-03-2022,65.94956207,67.78701066,65.35363382,67.43938648,460384
21-03-2022,64.80737305,67.29041416,64.55906894,67.29041416,288035
22-03-2022,65.50261688,65.89990495,64.36042411,65.80058483,280270
23-03-2022,64.95635986,66.744145,64.65839189,65.55228824,311789
24-03-2022,64.31075287,65.40328924,63.96312869,64.55905693,258063
25-03-2022,63.61551285,65.00600973,63.36720496,63.86381695,455560
28-03-2022,61.7780571,64.65838221,61.57941307,63.06923758,843729
29-03-2022,63.16856003,65.45296073,62.07602353,63.36720406,1600773
30-03-2022,63.66516495,65.00600547,62.62228856,64.26109323,919175
31-03-2022,65.45295715,66.64481371,62.77127233,64.36042071,1633900
01-04-2022,65.40329742,67.63803429,64.95635308,64.95635308,696559
04-04-2022,65.10533905,66.34685957,64.55906699,65.55228341,620686
05-04-2022,66.29719543,68.08498801,65.05567492,66.24753158,1264471
06-04-2022,66.59516144,67.63803409,65.70126518,66.54549759,1049688
07-04-2022,67.98566437,72.25649822,66.6944875,67.53871999,1568238
08-04-2022,67.340065,69.72377795,67.0420971,68.97886576,399043
11-04-2022,66.49582672,68.03531498,66.04888243,68.03531498,1028150
12-04-2022,65.10533905,66.54549982,64.06245878,66.54549982,445287
13-04-2022,64.11212158,66.24753078,63.91347376,66.24753078,526770
18-04-2022,62.57262802,64.16177261,62.17533998,64.0624525,496528
19-04-2022,61.87738037,64.26109744,61.08280802,63.26788483,575522
20-04-2022,60.18890762,62.52296825,59.79162337,61.87737613,743025
21-04-2022,61.48009109,62.4733074,59.84128267,61.033143,977080
22-04-2022,60.53653717,62.17534187,59.99026894,61.82771767,783464
25-04-2022,58.40112305,60.38755583,58.10315889,60.08959167,614681
26-04-2022,57.95417023,59.59297866,57.60654603,59.0963705,585867
27-04-2022,61.0331459,63.01957862,57.10994054,57.70586883,1495003
28-04-2022,63.1189003,64.36042457,58.99705459,61.5297556,2685680
29-04-2022,62.62229156,65.25431268,61.87737929,64.06245606,1437344
02-05-2022,59.64264297,62.42364809,58.79841057,62.42364809,897733
04-05-2022,58.45077896,61.23178769,57.80519063,60.33789149,717140
05-05-2022,57.60654831,59.99026907,57.15960019,59.39433698,611778
06-05-2022,56.51401138,57.10993967,55.71943528,56.6133315,531928
09-05-2022,52.64046478,56.51400993,49.71047589,56.41468603,2120552
10-05-2022,51.29962921,54.08063441,50.80302101,51.89555754,438834
11-05-2022,50.40572739,53.53436026,46.33354206,52.0445358,1133956
12-05-2022,48.31997681,50.65403371,47.97234881,50.65403371,789348
13-05-2022,51.29962921,52.34250569,48.71726427,48.71726427,1069854
16-05-2022,51.49826431,53.83232492,50.90233604,52.64046459,1115487
17-05-2022,53.48469925,54.32893543,51.69691057,51.94521466,736746
18-05-2022,58.25214005,59.09637242,53.38537845,53.43503851,3148540
19-05-2022,54.82554245,57.01061914,54.62689843,56.51401098,726808
20-05-2022,56.66299438,58.10315891,55.62011793,55.81876197,1022303
23-05-2022,56.61333084,57.50722705,55.76909848,57.45756321,501325
24-05-2022,54.08062744,56.66298827,53.63367936,56.46434425,719148
25-05-2022,50.80302048,54.57724205,50.30641228,54.47791813,980525
26-05-2022,49.46217346,51.49826622,48.81658511,51.24996213,612107
27-05-2022,51.99487686,52.49148506,49.71047991,49.71047991,552287
30-05-2022,52.64046478,53.6336811,52.29284059,53.38537702,885613
31-05-2022,53.28606033,54.13029274,52.34250401,52.98809239,531570
01-06-2022,53.33572006,54.32893644,52.34250369,53.63368422,348876
02-06-2022,54.17995071,54.37859474,53.33571834,53.63368248,295595
03-06-2022,53.33572006,55.37181287,52.78945181,54.62690059,310698
06-06-2022,53.33572006,54.03097228,52.59080778,53.33572006,296331
07-06-2022,53.53435898,53.93164322,52.29283863,52.49147885,259953
08-06-2022,53.03775406,54.08063046,52.2928418,53.58402229,238635
09-06-2022,53.88198471,54.13028879,52.34250019,52.34250019,221121
10-06-2022,53.78266907,54.32893732,52.8887728,53.43504106,244784
13-06-2022,50.90233612,52.69012473,50.7036921,52.69012473,234345
14-06-2022,50.45539093,51.99487555,50.00844281,51.10098309,231169
15-06-2022,50.30641174,51.3492882,48.86624722,51.20030422,333996
16-06-2022,47.92268753,51.29962454,47.47573943,50.70369247,547874
17-06-2022,48.07167053,49.16420695,46.333542,47.47573848,424786
20-06-2022,43.05592728,49.41251344,42.70830307,49.41251344,831012
21-06-2022,45.53896713,46.78048754,43.50287442,43.50287442,756451
22-06-2022,46.63150787,49.16420878,44.49609123,45.43964751,655698
23-06-2022,49.90912247,50.65403474,46.73082933,47.17777746,920286
24-06-2022,50.80302048,51.74657303,50.10776824,50.9023406,863230
27-06-2022,52.69012451,53.23639272,51.64724814,51.89555222,530779
28-06-2022,52.54114914,53.5840256,51.94521703,53.03775734,168612
29-06-2022,52.98809052,54.08063077,51.89555405,52.44182228,356199
30-06-2022,50.70369339,53.83232638,49.85946102,53.53436223,251594
01-07-2022,53.2622757,54.00894311,49.87738189,50.02671689,380697
04-07-2022,54.10849762,54.25783262,51.81871829,52.76449778,268130
05-07-2022,56.74672318,58.98672541,53.26227526,54.45694388,2511510
06-07-2022,55.95027924,58.09072355,55.55205509,57.244502,325723
07-07-2022,58.68806076,59.23561612,56.2489464,56.49783554,905343
08-07-2022,58.33961105,59.78316878,57.24450039,58.73783518,652156
11-07-2022,61.9236145,63.11828305,57.84183061,58.48894385,1110769
12-07-2022,59.98228073,62.47117205,59.7333916,61.77428172,467760
13-07-2022,60.1316185,61.52539542,59.13606193,60.48006178,709597
14-07-2022,59.43472672,60.92806154,57.94139189,60.43028326,674231
15-07-2022,60.38050461,60.92805994,58.73783483,59.93250341,482937
18-07-2022,61.07739258,62.27206119,60.48006017,61.12717344,694688
19-07-2022,62.67028427,62.9191734,60.72894828,60.97783741,998247
20-07-2022,70.2862854,71.68006598,63.7156142,63.7156142,7460309
21-07-2022,70.88362122,72.92451512,68.79295404,69.68895643,3458426
22-07-2022,72.82496643,73.62140715,68.29518089,70.53518322,2440941
25-07-2022,76.95652008,79.09696047,69.88806289,72.17784587,5536059
26-07-2022,73.32273865,78.49962947,72.6756254,77.35473796,2082144
27-07-2022,75.06496429,77.55385563,73.27295949,73.27295949,1681150
28-07-2022,73.32273865,76.16007319,72.92451452,75.91118406,771284
29-07-2022,73.57163239,75.4631914,73.17340824,73.67118652,613694
01-08-2022,75.0151825,76.06051988,74.01962597,74.46763096,1069198
02-08-2022,76.20985413,78.64896455,73.67118198,74.2187411,1954900
03-08-2022,75.56274414,78.15118967,73.12362602,76.40896569,1537325
04-08-2022,73.47207642,78.15118916,72.67562814,76.65785434,1707529
05-08-2022,72.57607269,74.31829662,72.17784856,73.72096422,754777
08-08-2022,69.98762512,73.0240679,69.738736,72.42673551,1171965
10-08-2022,70.18673706,72.2774043,69.78851292,70.03740206,1337273
11-08-2022,68.84273529,71.18229161,68.24540289,70.68451334,1538009
12-08-2022,67.24984741,71.48096271,66.65250741,69.34051463,889908
16-08-2022,67.64806366,68.59384693,66.05517472,66.65250712,960479
17-08-2022,66.90139771,68.59384841,66.15473029,68.1458434,578197
18-08-2022,66.20450592,68.19561888,65.80628181,67.00095414,767870
19-08-2022,65.25873566,67.69784619,64.71117651,66.45340049,1148932
22-08-2022,64.0640564,66.10495017,63.71561316,65.50761781,798258
23-08-2022,71.92896271,72.67563014,63.86495595,63.91472922,4000285
24-08-2022,74.31829834,77.05607887,70.73429626,71.63029108,3369149
25-08-2022,80.54052734,87.06141826,74.41785297,74.61696125,10461420
26-08-2022,81.48629761,84.27385883,79.24629549,81.6356326,3214514
29-08-2022,78.15118408,81.63563178,77.25518173,77.75295997,2000018
30-08-2022,86.81252289,87.60897112,78.15118446,78.94763269,7708713
01-09-2022,86.16542053,90.09786578,84.87119401,86.41430966,5285213
02-09-2022,93.28364563,95.12543132,84.87119583,87.11119806,7467544
05-09-2022,94.97608948,97.71386979,90.69519359,94.12986799,5595247
06-09-2022,92.58675385,97.96276043,90.69519499,95.47386919,3043314
07-09-2022,94.32897949,98.56009467,90.9938667,91.59119908,5671721
08-09-2022,92.63653564,95.17520017,91.59119828,95.1254269,2498187
09-09-2022,95.17520142,96.36987379,91.9894236,93.18408838,3541162
12-09-2022,91.98942566,96.27031422,91.39209326,95.52364681,2590671
13-09-2022,90.89431,93.33342034,89.64986439,92.78586124,1898608
14-09-2022,91.74053192,94.08008815,88.80363572,90.29697046,1506565
15-09-2022,90.04808044,94.17964135,89.60008307,92.28808252,848115
16-09-2022,85.76719666,90.99386844,83.12897033,90.04808518,910598
19-09-2022,85.21963501,89.30141515,83.87563525,86.21519151,778733
20-09-2022,87.21075439,89.40098342,84.77164383,86.01608954,1040667
21-09-2022,84.27386475,88.60453428,83.37786232,87.55919685,751276
22-09-2022,89.00275421,90.59564312,83.77608249,84.87119314,1686250
23-09-2022,89.15208435,93.1343102,87.60896879,89.30141174,3877083
26-09-2022,85.31919098,89.1023088,82.13341314,89.1023088,1455010
27-09-2022,85.0205307,88.10675448,83.87563915,86.51386552,1055494
28-09-2022,81.63563538,84.5725241,80.78941385,84.5725241,1018864
29-09-2022,82.68097687,84.8711983,80.09252369,82.631196,1164514
30-09-2022,96.61876678,98.01253989,82.680975,82.680975,7279873
03-10-2022,93.58231354,100.053431,92.78586528,95.62320746,5016000
04-10-2022,101.1983185,104.4338771,95.22497956,95.57342281,7251717
06-10-2022,103.3885422,106.3254384,100.1032102,101.8454341,5200734
07-10-2022,102.4427719,104.3343309,101.0489912,103.0401043,2026960
10-10-2022,100.4516525,102.5423197,97.61431802,100.5512067,1780105
11-10-2022,100.8001022,105.3796609,99.7547648,100.7005481,3324372
12-10-2022,100.5014267,103.2392071,97.16631391,101.2978749,2272502
13-10-2022,100.0036469,101.8454324,98.46053884,100.6507601,1167327
14-10-2022,100.7503128,104.5334305,99.60542893,102.0943201,2236133
17-10-2022,107.6196518,108.5156541,100.3520942,101.0987615,6350700
18-10-2022,105.1805496,109.4116649,103.8365498,109.0134408,3414717
19-10-2022,100.4018784,105.4792153,99.05787851,105.1805529,4956600
20-10-2022,108.0676651,109.4116649,100.3521019,101.2480967,8296040
21-10-2022,105.9272156,110.4072199,105.0809941,108.515661,4192750
24-10-2022,107.818779,108.5156655,106.1263283,107.1716657,1081484
25-10-2022,105.5787659,108.4161003,104.5334285,108.4161003,1661824
27-10-2022,109.6107712,110.3076653,105.528991,106.5245475,2669284
28-10-2022,114.2401123,114.9867797,110.008997,110.008997,5565769
31-10-2022,113.2445526,116.3805571,112.2489961,114.8872224,2161083
01-11-2022,113.3441086,114.240111,109.5112175,113.7423327,5306705
02-11-2022,109.5112228,114.3396707,99.90410041,112.9956708,2122623
03-11-2022,109.9592209,112.0001149,108.5156669,109.3618885,958899
04-11-2022,114.3396683,115.1361166,109.9094447,110.5067771,2172883
07-11-2022,113.9414444,116.6792249,112.2987822,115.1858901,1274421
09-11-2022,114.8872299,117.3761213,113.5930033,114.7378949,3832231
10-11-2022,114.1405563,117.4258883,113.0454457,113.9912213,1325633
11-11-2022,116.0818939,117.2267855,113.7921184,115.4845615,1367831
14-11-2022,114.8872299,117.1272322,113.4934492,116.4801189,772693
15-11-2022,117.8241119,119.815225,114.3396641,114.7876691,2051059
16-11-2022,112.8463364,117.9734542,111.6018906,117.475676,2132232
17-11-2022,111.502327,112.6472184,109.1627707,112.4978835,1134662
18-11-2022,106.2258759,112.4978849,104.5334328,111.5023284,1853110
21-11-2022,101.7458725,106.2258768,100.0036486,105.9272144,2735928
22-11-2022,101.2978745,106.0267679,100.6009879,102.1938768,2139326
23-11-2022,100.4516525,103.5378762,99.2072069,102.0445414,1902224
24-11-2022,103.3885422,105.8774335,99.55565113,100.5512076,4817368
25-11-2022,103.2889938,105.280107,101.4472157,103.3387747,2638283
28-11-2022,100.3520966,103.7369825,99.75475659,103.1396502,1739084
29-11-2022,98.95832062,101.8454361,97.96276409,100.8996528,1655390
30-11-2022,100.9992065,102.2436522,98.70943109,98.85876609,1598215
01-12-2022,102.4925385,104.4836514,100.8996496,101.5467628,1645049
02-12-2022,101.4472122,103.2889903,100.7503181,102.7414312,1121194
05-12-2022,100.849884,103.3885487,100.0534357,101.9449947,1052178
06-12-2022,99.85432434,101.5965483,99.0080952,100.5512109,1000128
07-12-2022,100.6507568,102.2934265,99.25697627,100.4018677,1091109
08-12-2022,100.7503128,102.4925366,99.80453719,101.1983178,836645
09-12-2022,101.696106,103.43833,98.16187707,101.546771,2144964
12-12-2022,101.4472122,102.6916579,99.30676415,102.0943255,1278463
13-12-2022,106.8232193,108.7645515,100.5512101,100.5512101,6221168
14-12-2022,109.2125473,113.4934434,107.1218801,107.5201043,6515839
15-12-2022,105.1805496,110.1583323,104.3841014,108.9636599,2527923
16-12-2022,102.1938782,106.0765501,101.2480949,104.5832153,2214093
19-12-2022,103.0401001,104.1849916,100.5512088,103.2392084,2333799
20-12-2022,105.4792099,108.2169903,102.4427671,102.6418753,5315592
21-12-2022,104.8320999,113.2445491,103.7369817,106.5245429,9784738
22-12-2022,101.0489883,109.0134406,98.560097,106.026771,5519521
23-12-2022,89.50053406,101.1485425,88.10675339,100.6507642,4145742
26-12-2022,94.67742157,98.21165018,87.60897194,89.9485282,3772532
27-12-2022,97.66409302,100.4018734,95.07564759,95.07564759,3366426
28-12-2022,100.1032104,101.0489861,96.56898179,97.5645383,4197903
29-12-2022,104.7823257,105.7778823,99.55565391,100.103213,4416179
30-12-2022,111.6018829,115.3352198,106.6738813,106.6738813,13566865
02-01-2023,107.8685455,112.2987765,106.5245458,111.5023283,3368115
03-01-2023,108.6650009,111.2036656,106.8232228,107.7192176,3312731
04-01-2023,110.8054428,112.2987776,109.0134381,109.0134381,4079606
05-01-2023,112.8961105,113.3938888,110.0089951,111.0543325,4258256
06-01-2023,115.982338,116.8285595,112.2490009,113.4934466,3914910
09-01-2023,115.1858902,118.1725599,113.3441121,117.3761192,2560056
10-01-2023,111.3529968,115.5841121,110.5565562,115.185888,1644605
11-01-2023,111.8507767,113.7921165,111.054336,111.3529984,1336239
12-01-2023,110.9547653,113.4436565,109.9094356,112.4481,1757847
13-01-2023,114.1903305,114.5885546,111.2036609,111.3529959,1578905
16-01-2023,114.4392166,117.9236644,113.5432218,114.6881057,2175293
17-01-2023,119.0685577,119.9645601,111.9005539,114.9369967,3567622
18-01-2023,119.4667816,122.4534512,118.6205601,119.6658899,3809497
19-01-2023,121.3583374,122.154778,117.6250006,118.8694462,2426181
20-01-2023,120.2134476,124.6934518,118.9690019,123.6481145,6827714
23-01-2023,117.8241119,121.3085597,115.6836639,121.3085597,1855073
24-01-2023,116.878334,120.2632276,114.6881052,118.4214421,1331324
25-01-2023,112.9458847,116.8783375,112.3485523,116.4801134,1236033
27-01-2023,106.3254471,113.8418948,101.6463265,112.9956732,2592713
30-01-2023,107.0223236,109.8098848,103.9858732,106.9227695,1529668
31-01-2023,110.9547653,112.74677,106.0267638,108.1174309,1737643
01-02-2023,102.5921021,113.6925511,90.19741886,112.4978864,3001242
02-02-2023,102.6418762,106.0765508,100.1529849,102.592103,1339986
03-02-2023,99.95388031,104.234769,96.81787562,103.3387741,2605208
06-02-2023,103.6374359,104.9316625,98.95832314,99.9538797,1480995
07-02-2023,103.3885422,104.9814311,102.5423207,103.0400989,1157313
08-02-2023,106.7734375,107.918329,103.0401005,103.1396547,1232001
09-02-2023,107.5698853,108.46588,105.5289913,106.773437,841031
10-02-2023,106.7236557,108.0178822,106.5245474,107.0223257,442582
13-02-2023,103.2889938,107.1218851,102.3929914,106.4249985,957985
14-02-2023,103.7867661,106.3752115,100.7503157,102.9903178,1159716
15-02-2023,105.8774338,106.4249929,103.1894342,103.5378775,585979
16-02-2023,109.2125473,110.0089956,105.7280995,106.3254395,1222842
17-02-2023,111.950325,112.4481033,107.7689908,108.117434,949550
20-02-2023,115.0365601,116.8285573,112.4978879,112.5476687,2031424
21-02-2023,115.4347763,116.8783378,113.1450009,115.0365598,3121516
22-02-2023,111.4027786,117.0276746,110.5067762,114.2898941,2480869
23-02-2023,111.9005585,112.5476718,109.4116671,111.4027802,696208
24-02-2023,107.5201035,112.9458834,106.1761037,112.2987778,1192347
27-02-2023,103.438324,108.5156607,100.5512085,107.7689933,1213663
28-02-2023,104.2845535,106.3254476,102.7414378,104.4338885,838779
01-03-2023,107.1716614,108.3165529,104.0356568,104.4338809,1256861
02-03-2023,112.1494446,113.2445552,106.8232187,107.1716619,2312680
03-03-2023,114.8872299,116.2312298,111.5521169,112.4978926,2324858
06-03-2023,115.4347763,117.0774461,114.7378898,115.4845572,1443530
08-03-2023,114.6383362,116.3805601,113.3441097,114.4890012,1490492
09-03-2023,118.172554,120.0143396,114.5387789,114.5387789,4122008
10-03-2023,115.6338959,119.9147845,114.7378935,117.326339,2120772
13-03-2023,109.7601089,116.4801156,108.5654441,115.9823373,1500376
14-03-2023,111.1041107,112.3485564,106.6241062,109.9592192,1250780
15-03-2023,113.9414444,114.9867818,111.0045556,111.6516689,1541445
16-03-2023,113.1450043,114.2898958,111.054337,113.3441125,817184
17-03-2023,117.0276718,117.9236666,114.2401105,114.2401105,1916154
20-03-2023,113.0454483,116.9778936,110.7556652,116.6294503,1504580
21-03-2023,121.8561249,122.4534573,112.2490025,113.6427832,3824242
22-03-2023,121.009903,123.6979026,119.8152305,121.9058978,2915656
23-03-2023,119.0685577,121.6570032,118.4712253,120.4623384,1062772
24-03-2023,117.2267838,119.3672319,116.2810081,119.2676777,1485976
27-03-2023,115.0863342,117.4756714,113.7423344,117.4258906,1055397
28-03-2023,115.0863342,122.1547841,113.9912236,122.1547841,1099252
29-03-2023,117.5254517,118.4214465,114.0907771,115.1361145,2645963
31-03-2023,121.6072311,123.2499009,118.1227833,118.4712266,2661129
03-04-2023,125.0916824,127.4312388,121.9556778,123.2001235,2365577
05-04-2023,132.7076874,133.4045739,124.5441193,125.2410135,4598533
06-04-2023,134.997467,135.9930235,130.7663519,133.1059006,3038970
10-04-2023,134.549469,137.8348088,132.8570258,135.4952599,1486344
11-04-2023,137.1876984,138.6312524,132.5583512,135.3459126,1720627
12-04-2023,140.8214722,141.3690313,135.694362,136.5903568,2495298
13-04-2023,141.0205841,141.6179241,137.6356978,140.771695,1012397
17-04-2023,141.866806,143.01169,139.278353,140.3734712,1207696
18-04-2023,138.2827911,141.8170197,136.640129,141.3690223,1440184
19-04-2023,134.8979187,139.2783616,134.4001404,137.5361376,985350
20-04-2023,135.047226,136.3912332,132.9565665,135.3458959,1167640
21-04-2023,138.880127,139.2783435,133.7032364,133.7032364,1619694
24-04-2023,139.6268005,142.1654727,138.6810249,142.1654727,1017208
25-04-2023,140.2739105,141.6179179,134.0019165,139.7761323,1181333
26-04-2023,139.4774628,144.8534614,137.5361156,139.1787928,3859306
27-04-2023,141.5681458,142.8125915,140.1743726,140.3237,666290
28-04-2023,140.9708099,143.7085904,140.3734699,142.364583,388794
02-05-2023,140.5227966,142.8125797,139.6268018,141.866804,549452
03-05-2023,137.4365692,141.120125,135.8934537,140.1245686,506612
04-05-2023,138.6810303,139.3779168,136.3912472,137.4365846,1453276
05-05-2023,134.6988068,140.1743679,133.3547993,138.681033,794764
08-05-2023,142.7130432,143.7583655,135.0472453,135.2961345,1771900
09-05-2023,140.2739105,147.5414763,136.739697,143.2605801,2045222
10-05-2023,142.2152557,142.8623614,138.4321379,140.8214675,1317655
11-05-2023,139.8756866,143.1610261,136.938798,142.9619178,1346316
12-05-2023,139.2783508,140.7219199,137.4863612,139.3779126,471151
15-05-2023,141.9663696,142.6134753,137.5859117,139.5770248,687171
16-05-2023,146.0979156,148.6365878,140.6721358,141.9663623,2448442
17-05-2023,145.3014832,147.3423772,141.8668159,146.6952715,829427
18-05-2023,145.2019196,149.4828003,143.7583505,144.3556905,1429886
19-05-2023,144.6045837,146.1476994,142.9619216,145.9485911,500622
22-05-2023,143.0614777,144.6045934,140.4232588,144.6045934,492810
23-05-2023,142.8623657,144.7539171,142.0161366,143.8579223,182196
24-05-2023,140.2739105,143.7085927,139.6268048,143.7085927,411244
25-05-2023,143.161026,143.8081316,138.5814601,140.2241374,612276
26-05-2023,146.3965912,148.2383617,143.1610325,143.7583573,648261
29-05-2023,150.2294769,151.3245952,145.3014751,147.2428073,1483525
30-05-2023,150.030365,150.7272515,147.5912545,150.7272515,372101
31-05-2023,151.3743591,152.519243,149.6819162,150.8765809,788208
01-06-2023,151.1752625,152.3201464,149.8312551,151.8223681,335459
02-06-2023,155.3565979,156.2028118,151.4739184,151.6730418,1370654
05-06-2023,157.5966034,159.7868247,154.809042,155.953926,1474730
06-06-2023,160.0357056,160.2845947,153.0668101,158.2934817,1591490
07-06-2023,163.8686218,164.2668384,158.5921688,160.0357229,1099769
08-06-2023,162.9725952,164.8641617,157.7957045,163.8686052,986457
09-06-2023,162.3254852,166.6561468,160.8819314,161.2801479,655021
12-06-2023,167.3530579,168.7468309,162.67393,163.27127,2914566
13-06-2023,167.8010559,169.9414964,167.1041694,168.2490533,1010957
14-06-2023,167.8508301,171.6339326,167.2534901,168.9459331,1422710
15-06-2023,163.3708344,167.8508388,161.2801595,167.7512771,7869650
16-06-2023,166.7557068,169.8917036,165.3619338,165.8099312,1382792
19-06-2023,168.4481506,170.1903744,167.3530476,167.6019368,1138866
20-06-2023,168.9957123,170.1405962,165.3619372,169.4437097,1030400
21-06-2023,167.0543976,171.1361705,165.6606093,169.244619,1001428
22-06-2023,165.9095001,168.7468425,162.5743947,167.0543993,758908
23-06-2023,164.3166046,167.2534933,161.9770407,167.054385,650559
26-06-2023,165.9592743,169.1450522,162.9726046,163.2712746,827116
27-06-2023,173.048996,173.6980484,166.6582566,168.755221,1532873
28-06-2023,175.9447937,177.4925518,171.9006566,173.7479832,1659818
30-06-2023,177.0931396,179.6893648,174.9961751,177.0931396,2319331
03-07-2023,185.8803711,186.729146,177.7921124,177.842043,2411592
04-07-2023,176.8434906,186.5294379,175.7450778,185.9802314,1136869
05-07-2023,180.4382782,182.2356742,176.8435014,176.8435014,822389
06-07-2023,181.0873413,181.7363938,179.0902381,180.7378421,481890
07-07-2023,178.2414551,182.385438,176.7436277,181.1372485,695239
10-07-2023,176.7935638,180.2884944,175.2458058,178.5909598,364179
11-07-2023,184.2327728,185.630739,176.943343,177.7421873,1355624
12-07-2023,182.6850128,186.2798047,180.7378402,184.7320467,1362587
13-07-2023,181.8362579,186.6792242,178.5410345,183.7334999,611007
14-07-2023,183.4339294,184.682119,179.7892221,181.836256,476457
17-07-2023,187.4281311,189.1256658,182.7349417,184.5323376,721327
18-07-2023,192.7703857,196.5149542,184.7320425,187.7276972,2360350
19-07-2023,196.3651733,197.7132241,190.2240869,193.2696724,1352937
20-07-2023,197.4136505,200.2595287,194.6676336,197.0641666,1203823
21-07-2023,194.5178528,197.1140778,190.8232149,196.6647326,483467
24-07-2023,189.5251007,196.4151008,187.7277047,193.7190145,936543
25-07-2023,191.172699,193.6191473,190.7233538,192.720457,409400
26-07-2023,194.5178528,195.7161116,191.1227682,192.1213198,843268
27-07-2023,200.3094635,202.1068442,194.4179997,194.7175683,1070174
28-07-2023,200.2595215,204.7030729,198.9614014,202.7059698,1018317
31-07-2023,201.3579254,202.256631,196.315252,200.7588036,893838
01-08-2023,203.5048218,205.1024952,199.7602532,201.4577879,2415983
02-08-2023,198.6618347,207.0995926,193.2197316,204.7030749,1341312
03-08-2023,193.6191559,200.7088786,192.7703961,200.7088786,488730
04-08-2023,194.467926,197.6133575,193.7190123,195.6162543,309127
07-08-2023,196.9643097,197.7132234,195.7161202,195.7161202,640703
08-08-2023,194.9172668,198.7117659,193.719008,198.3123514,596100
09-08-2023,194.467926,195.9657534,189.9245132,195.416547,863199
10-08-2023,188.5265503,195.1169819,186.2298785,193.7190157,675041
11-08-2023,190.7732849,196.4650259,181.0374069,187.7276995,1370296
14-08-2023,189.3253937,192.1712567,185.9802396,191.7219115,525461
16-08-2023,203.5547485,204.7530074,189.3253883,189.3253883,1979927
17-08-2023,199.9100342,206.4505504,196.714672,202.8557585,1218380
18-08-2023,196.5648956,202.0569296,195.5164134,201.2081546,697995
21-08-2023,202.106842,202.7059791,196.7146694,197.4136525,745744
22-08-2023,200.6589355,203.6046596,198.2624179,202.5062621,1921060
23-08-2023,203.7544556,208.5974216,201.208146,201.5077145,1411833
24-08-2023,206.0012054,207.4990329,203.3051191,204.7030853,985865
25-08-2023,211.6430054,219.9809172,205.1524201,205.1524201,2968244
28-08-2023,213.3405457,219.1820787,211.1936658,213.4903375,1564293
29-08-2023,218.6828003,222.4772994,214.438956,215.4874382,1848869
30-08-2023,216.1364899,220.1806269,212.8911972,220.1806269,1255987
31-08-2023,219.1820831,223.7754267,216.4360661,217.1849799,3270995
01-09-2023,220.4801941,221.6285223,214.7385225,219.6813498,1722147
04-09-2023,222.2276611,226.5713514,218.2334547,223.5257813,1486165
05-09-2023,218.3832397,223.7754277,216.1364986,223.3759979,802980
06-09-2023,216.7356262,219.2819358,215.7870053,219.2819358,423301
07-09-2023,218.4331665,221.6784593,217.6842528,217.8839601,868418
08-09-2023,218.8825073,222.4772992,218.1835243,219.3817831,773248
11-09-2023,231.6140442,237.7551458,225.6726651,225.6726651,3804868
12-09-2023,217.7341766,233.0619344,212.6914881,232.9620883,3628445
13-09-2023,221.6285248,223.7754199,212.691491,218.6828006,1890066
14-09-2023,221.9281006,225.572808,219.0822223,223.1762901,1004580
15-09-2023,221.7783203,228.6683204,218.9324421,222.6770107,2068445
18-09-2023,221.378891,225.9722345,219.7812175,223.176287,1911736
20-09-2023,218.8325806,227.1704927,217.3846838,220.2804926,1624022
21-09-2023,214.9382324,220.8796114,213.6900429,216.6856977,1100000
22-09-2023,212.9910583,218.033747,210.6943866,216.1864204,1018313
25-09-2023,214.2891846,215.6871507,209.7457716,213.6900475,567257
26-09-2023,214.2392578,217.7341886,212.8412764,214.5388264,571047
27-09-2023,221.6285248,223.0265062,213.3405434,215.3376466,2064295
28-09-2023,218.0337524,223.8752703,217.0851162,223.4259251,629582
29-09-2023,219.2819366,222.4273681,217.684248,219.6813512,375022
03-10-2023,221.4787445,223.6755549,215.6871423,219.2819341,720496
04-10-2023,218.4830933,222.1777311,215.6871457,222.1777311,597467
05-10-2023,235.2587585,236.1574489,220.2305542,220.2305542,5189882
06-10-2023,233.8607788,237.2558633,231.9136063,236.6567263,1229040
09-10-2023,225.4230194,229.6668636,222.377434,228.668312,1170886
10-10-2023,231.863678,237.555419,227.1704885,227.1704885,2461783
11-10-2023,227.8694763,235.658182,226.4715101,234.0604933,3696353
12-10-2023,231.3144684,232.6625191,229.0677273,229.8665716,601286
13-10-2023,234.2602081,234.9591912,228.318814,230.5655551,1185799
16-10-2023,239.302887,243.8962305,232.8622321,236.1075249,2001309
17-10-2023,238.3542633,241.2999875,234.7095561,240.650935,1062492
18-10-2023,239.5525208,240.6509336,233.2616579,240.1516578,1511554
19-10-2023,235.4584656,241.4497751,235.1588971,238.6538276,798093
20-10-2023,237.1060791,238.7037678,231.6639758,235.458475,605549
23-10-2023,223.2262115,243.4468813,219.6813503,238.6538306,1693284
25-10-2023,231.863678,233.6610739,219.6813515,226.6712127,2776268
26-10-2023,229.8166504,231.4642697,221.7283914,228.6683221,1857991
27-10-2023,240.7507935,242.5981047,230.6654163,230.6654163,2758376
30-10-2023,239.9519501,242.2985372,236.2073816,241.2500702,1078413
31-10-2023,242.548172,247.6407911,239.8520858,241.1502059,3003469
01-11-2023,238.5539703,244.195796,236.806505,243.7464508,783660
02-11-2023,234.2102814,242.9975385,229.9664371,240.9505047,927599
03-11-2023,241.5496216,243.047449,231.9635355,236.2573104,1974096
06-11-2023,243.1972504,248.5394924,237.6053552,242.6480439,1213315
07-11-2023,246.1429749,247.3911644,240.6509409,243.6465958,1026353
08-11-2023,247.4410858,251.6349994,246.0930351,247.4410858,939452
09-11-2023,247.4410858,250.137172,245.394052,248.5394834,639477
10-11-2023,247.191452,251.7348649,245.9432625,246.8918835,788615
13-11-2023,248.6393433,251.0857916,247.0416546,248.539482,610718
15-11-2023,250.2370453,255.5293568,247.7406662,249.6379082,1183171
16-11-2023,252.2840576,254.5307987,249.9374705,250.5865229,854913
17-11-2023,258.1755066,259.6234186,250.6863848,252.6335573,1902883
20-11-2023,253.6321106,260.6219719,252.6834896,259.4236978,616927
21-11-2023,252.9830627,255.7290797,248.4895804,254.5807362,708024
22-11-2023,254.5807343,263.1682691,251.3853721,253.0329762,903709
23-11-2023,252.3839111,257.1270311,251.6849281,255.5792731,440822
24-11-2023,250.4866791,254.1313864,249.6379041,252.3839211,337673
28-11-2023,253.282608,259.0742256,248.6393492,251.9845031,956254
29-11-2023,259.2739258,262.6190799,255.1798732,256.62777,1809037
30-11-2023,267.9613342,269.3593004,259.1241463,261.8202478,2442952
01-12-2023,264.0669861,274.3021401,262.8187966,269.6089353,1248830
04-12-2023,267.7615967,271.0068893,262.519201,269.1096474,1232793
05-12-2023,271.306488,272.9041463,265.7645082,269.009801,1195785
06-12-2023,269.7586975,274.0025416,267.6118178,272.6045755,727251
07-12-2023,277.7471313,278.9953209,267.1125625,271.0069078,1489276
08-12-2023,278.9953003,283.5886436,275.6002311,278.09661,2042273
11-12-2023,287.832489,294.3729896,282.490232,284.986611,2704631
12-12-2023,283.9381409,289.4800898,281.641454,289.4800898,871429
13-12-2023,287.632782,291.3773506,282.3404706,284.5872117,900345
14-12-2023,295.9707031,297.8180298,290.5785303,293.0749094,3373969
15-12-2023,297.6182861,309.3512672,295.9706821,307.6038019,5169933
18-12-2023,294.8223572,298.3672031,294.273166,297.6682353,1065444
19-12-2023,302.7608643,304.558245,295.2217812,297.7681061,2422984
20-12-2023,290.1291504,306.5553361,284.6371167,304.3085951,2734841
21-12-2023,301.9120789,302.8107692,286.933805,286.933805,2417090
22-12-2023,302.710907,306.5553367,296.8693741,301.6124941,1883384
26-12-2023,298.6168518,306.1559349,296.9193323,305.6566591,823642
27-12-2023,295.2217712,300.6139437,293.3245293,300.3643058,1032781
28-12-2023,291.8267212,298.067669,290.628447,296.7695641,783006
29-12-2023,294.6725769,297.5683704,290.5785093,292.7253891,1091211
01-01-2024,297.9178772,299.1660667,294.8223611,297.4685168,530163
02-01-2024,304.0090637,308.5524616,299.86505,302.7608742,2179168
03-01-2024,309.4012146,310.2999049,301.5625786,304.6580946,2196466
04-01-2024,308.8020935,314.6436267,304.8578024,311.5481105,3060254
05-01-2024,318.2384033,321.7333339,310.0502681,310.5495439,2880456
08-01-2024,317.5393982,321.0343287,310.6493985,319.8360546,2125936
09-01-2024,318.2384033,323.1313,315.3925252,316.7405759,1843663
10-01-2024,318.8375244,322.5321776,316.4410066,319.1870236,1041125
11-01-2024,319.6862793,323.4308477,317.0401237,319.5365027,856153
12-01-2024,327.4750061,331.5690432,320.8845595,321.533612,2676220
15-01-2024,327.4750061,331.1696287,322.5321635,325.5278183,2053504
16-01-2024,319.3867493,330.0213182,313.6450773,327.3751624,2526800
17-01-2024,315.7919312,318.4880326,309.7007605,315.442432,1142075
18-01-2024,318.2384033,320.4851444,307.3541666,315.7919397,1315835
19-01-2024,316.0914917,323.5307132,314.7933868,322.8317149,886994
23-01-2024,311.1986084,320.4352109,307.0546252,318.7876069,971526
24-01-2024,314.1942444,316.2912088,301.6124885,310.249984,1356596
25-01-2024,315.4924011,317.4395585,312.0473858,315.5423165,1054256
29-01-2024,310.4496765,318.5379503,309.5509862,315.6421569,812321
30-01-2024,316.4909363,319.5365064,312.3968687,312.4467841,1401717
31-01-2024,317.6392822,319.2369709,313.5452144,318.2384193,704216
01-02-2024,314.2941284,320.6349374,311.2984735,319.5365245,615297
02-02-2024,322.4822388,328.4236023,316.5408448,316.5408448,1365901
05-02-2024,326.0770264,334.4149387,323.031456,327.3252159,2413797
06-02-2024,326.8259277,334.1153727,320.9844252,330.5205809,1677945
07-02-2024,322.7817993,335.513332,320.6349195,334.7644183,1901685
08-02-2024,342.8526917,348.2947795,331.5690405,333.5162283,7955639
09-02-2024,345.6985779,348.2448723,334.3650111,343.5017522,2699845
12-02-2024,342.2036438,355.0849533,336.112473,349.2933357,3558303
13-02-2024,334.6645508,340.2564456,317.0900371,336.212324,2263143
14-02-2024,340.9554443,350.4915996,328.6233264,331.7687577,2626435
15-02-2024,344.7998657,351.6898963,336.7116219,341.4547421,1374586
16-02-2024,353.736908,357.880891,341.3049282,346.5473242,3507270
19-02-2024,345.6486206,359.1790127,343.9011554,355.6840822,2444876
20-02-2024,344.749939,349.0936445,342.0538375,348.4945075,1629221
21-02-2024,339.2080078,349.6928001,335.9627149,347.2962518,950031
22-02-2024,339.058197,341.4547453,333.366471,339.7571954,1077625
23-02-2024,349.592926,354.4858228,347.096547,347.5458769,2312143
26-02-2024,353.7868347,355.4344693,350.0422661,352.6884523,1128952
27-02-2024,348.3946533,355.3845146,346.9467718,354.3360476,678246
28-02-2024,339.1580505,350.9908933,336.012619,349.4930659,919908
29-02-2024,349.4930725,359.4785889,331.9185576,339.158057,2707694
01-03-2024,354.136322,364.2716148,350.6413914,357.481476,2996845
04-03-2024,357.6312561,359.4286673,348.6942374,350.3917569,2086864
05-03-2024,353.5371704,361.8251667,350.2918778,357.4814613,1020764
06-03-2024,348.0950928,354.3859556,340.0567341,350.4916105,1034787
07-03-2024,346.9467773,353.1877251,344.550229,351.2405372,654618
11-03-2024,335.9627075,348.194965,334.5147955,347.7456045,1101781
12-03-2024,318.4880371,335.1638301,316.6407106,334.5147777,2229559
13-03-2024,286.1349487,320.8845627,281.5915511,318.4880449,3947236
14-03-2024,297.0690918,306.0061405,280.5929909,280.5929909,2667054
15-03-2024,298.367218,305.0076108,288.3817016,299.5654922,1643094
18-03-2024,295.6711426,302.0618669,290.5785232,297.9178837,1062243
19-03-2024,288.6313171,300.5141051,286.8339365,296.5698143,723123
20-03-2024,289.180542,293.9735774,281.8910972,291.5770597,1297258
21-03-2024,307.0546265,308.6523152,293.5741794,293.5741794,1165394
22-03-2024,302.2615967,308.5524599,296.9193393,306.2558033,1354702
26-03-2024,300.8136597,303.1602619,294.2731591,303.1602619,1218001
27-03-2024,310.6993408,314.5437708,303.7594251,304.9576688,1450302
28-03-2024,310.8990479,315.5423067,309.0517213,313.9446181,616973
01-04-2024,323.5806274,325.427954,313.5451962,313.5451962,1418690
02-04-2024,329.971405,337.9598182,324.0300105,324.0300105,1465087
03-04-2024,328.3736877,334.5646892,325.8773088,328.5234644,710163
04-04-2024,324.5791931,333.4163811,322.5321745,330.4706721,754771
05-04-2024,329.2723999,331.5191411,323.5806434,324.4793643,809718
08-04-2024,337.0610962,340.556027,329.721766,333.8158033,2140766
09-04-2024,343.0024719,345.4988509,334.8143367,339.0082656,1865090
10-04-2024,344.9496765,348.4945226,339.8071112,345.6985902,2666768
12-04-2024,337.8599548,349.4930754,336.0126282,345.4988688,1958635
15-04-2024,332.0184021,334.4149198,320.5849743,329.4721077,1339530
16-04-2024,332.6175537,336.0126232,328.1739868,329.5220376,852537
18-04-2024,333.6660156,343.152256,331.6689124,338.0097212,802186
19-04-2024,339.8570557,342.5032114,324.9786424,329.4221789,1124178
22-04-2024,350.7911682,354.4858214,343.5017537,344.4503899,1570594
23-04-2024,359.5285034,370.9619318,352.538642,354.4858299,3338245
24-04-2024,363.5726318,367.4669769,357.7810145,363.4727706,5436571
25-04-2024,358.8794556,374.4568673,357.0321289,369.6138858,5142031
26-04-2024,363.6225586,371.4611947,359.7781288,364.4713335,3085151
29-04-2024,367.1174927,367.9662676,357.9807516,364.5711983,2725855
30-04-2024,362.3743591,367.4669782,360.4771172,366.4185113,764092
02-05-2024,359.0791626,363.4727836,354.4858191,362.474232,983838
03-05-2024,356.9322815,362.1746774,351.4901631,360.4272121,924590
06-05-2024,366.3685913,368.4655559,355.9836603,362.0748314,3060172
07-05-2024,358.2303772,370.462634,352.538621,368.1659775,1673100
08-05-2024,358.6797485,363.1732308,349.4930616,357.431559,966391
09-05-2024,365.2701721,376.7535158,364.471343,367.5668591,6020903
10-05-2024,368.2658081,373.4582885,358.6797374,367.466979,1923800
13-05-2024,372.2600403,377.452521,362.0248859,368.4655562,7043458
14-05-2024,373.458313,381.4467261,370.8121572,375.9546921,2402907
15-05-2024,381.296936,382.4452643,372.5096636,374.4568515,2082810
16-05-2024,375.5552673,384.1428173,372.2600287,383.2940423,1137607
17-05-2024,384.9915466,387.4380102,373.707926,376.9532187,1625196
21-05-2024,387.3381653,391.8316475,383.1442668,387.8374411,1808090
22-05-2024,387.4380188,389.2353995,379.6992439,388.0371559,2227605
23-05-2024,384.0429688,389.4351415,382.1457267,388.4365899,606005
24-05-2024,379.8989563,387.1384552,378.4510443,384.4423537,445648
27-05-2024,381.5964966,386.6392006,377.5024288,382.7448249,1828957
28-05-2024,375.3555298,381.4467005,371.4611847,381.4467005,890716
29-05-2024,373.6080627,377.4524924,367.0675622,373.3584249,536702
30-05-2024,369.9134521,374.4568497,368.6153168,373.5581594,436395
31-05-2024,384.9416504,386.4394778,369.5140156,371.9105639,2161562
03-06-2024,398.3222351,407.8084755,392.3808713,405.4119577,1910120
04-06-2024,334.5646973,396.3251191,318.6877331,396.3251191,4359100
05-06-2024,354.5856934,355.4843837,323.5307313,344.5003157,1671712
06-06-2024,377.6022949,380.8475877,358.5299526,358.5299526,1701467
07-06-2024,390.283905,392.6305074,376.4539591,377.6022873,1173438
10-06-2024,399.4206543,406.3606004,390.483605,392.2310703,2179677
11-06-2024,422.9365234,425.9321783,402.5161612,403.4148516,2415313
12-06-2024,420.1405945,431.3743002,417.8439379,426.8808179,2543339
13-06-2024,413.9495544,424.2845696,410.9039842,421.4386915,1029398
14-06-2024,423.8851624,426.0819881,413.9495616,413.9495616,1190208
18-06-2024,442.2085876,448.7490885,428.1290038,429.3771933,2497944
19-06-2024,441.2599487,452.3438777,429.7766053,444.3554648,1857054
20-06-2024,439.1629944,446.3525783,437.5153903,443.0573701,848966
21-06-2024,440.0617065,446.3525695,436.2172768,440.3113444,1145180
24-06-2024,448.549408,450.3467887,429.9763414,438.3641691,1359421
25-06-2024,441.409729,449.3482265,439.7621249,448.948812,1900391
26-06-2024,439.5124817,448.3496695,435.3684986,445.2541534,1202205
27-06-2024,436.8164063,445.3540102,432.5226161,441.3598038,578268
28-06-2024,429.0776367,439.5624286,427.8294472,439.3627061,592473
01-07-2024,443.0074158,445.9531552,429.9763294,433.3713988,803862
02-07-2024,480.9024658,488.2917417,455.6890374,461.330848,7648494
03-07-2024,486.6940613,494.2830598,482.8995773,485.1962338,1613782
04-07-2024,489.8894348,497.2787108,478.4560065,488.2418307,1801620
05-07-2024,513.8046875,519.2468056,489.2902592,489.2902592,2881369
08-07-2024,543.5116577,551.2005177,525.0883674,529.2822965,3245519
09-07-2024,525.9371338,547.7055462,520.2453775,547.7055462,1421076
10-07-2024,504.1187744,528.9827028,501.4726188,527.2851529,2216893
11-07-2024,503.2700195,516.2511907,501.3228317,508.2627777,1272525
12-07-2024,496.3999939,508.3500061,492.5499878,506.5,652523
15-07-2024,487.3500061,500,484.8500061,500,980778
16-07-2024,482.9500122,493.2000122,481,488,899514
18-07-2024,479.0499878,486.25,473.7000122,482.9500122,1011349
19-07-2024,480.7000122,495.5,468.0499878,478.75,1920723
22-07-2024,509.9500122,540.75,496.6000061,510,7913285
23-07-2024,515.2999878,526,480,521,3325756
24-07-2024,518.4000244,535,510.8999939,516.7999878,1806932
25-07-2024,514.6500244,518.9500122,506.2000122,513.9000244,872704
26-07-2024,537.25,542.5,510.2999878,516,2045349
29-07-2024,557.7999878,565,540.7000122,561.4000244,3894743
30-07-2024,559.0999756,560.8499756,548.2000122,557.7999878,1100756
31-07-2024,555.0999756,562.0999756,550.3499756,562.0999756,790958
01-08-2024,533.2000122,559.5,529.6500244,550,1119041
02-08-2024,521.5,528.9500122,515.5499878,525,1185201
05-08-2024,500.25,518.9500122,497,501,1956390
06-08-2024,499.25,520.2999878,493.7999878,500,1307091
07-08-2024,509.6499939,515.25,503,511.6499939,873894
08-08-2024,519.7999878,532.4500122,510.6499939,510.75,1204913
09-08-2024,519.7999878,544.9500122,515.0499878,544.9500122,1276048
12-08-2024,514.25,528.6500244,511.2999878,516,742381
13-08-2024,507.5499878,522.4500122,506,516.2000122,807329
14-08-2024,519.25,523.5999756,500,510.6499939,1893925
16-08-2024,586.1500244,604.4000244,522.5,523.9000244,6890740
19-08-2024,607.25,613.7999878,586.25,590,3938774
20-08-2024,593.5499878,607.25,590.4500122,607.25,961378
21-08-2024,594.3499756,616,588.75,598,1648849
22-08-2024,585.25,606,583.7999878,598.0999756,1431756
23-08-2024,586.1500244,603.9500122,582.25,587.0499878,1782972
26-08-2024,611.7999878,636.8499756,587.2999878,591.7000122,3281098
27-08-2024,607.1500244,627.9500122,602.0999756,615,1025832
28-08-2024,609.25,619,598.8499756,609.0999756,1498738
29-08-2024,600.2000122,614.0999756,593.3499756,610.5,1238789
30-08-2024,595.9000244,610.5,592,603,1299491
02-09-2024,593.3499756,606.7000122,591.2000122,599.7999878,731708
03-09-2024,604.4000244,610.9500122,593,595.2000122,1048805
04-09-2024,611.75,615.9500122,595.0999756,598.8499756,1165960
05-09-2024,624.5,629.5,612.5,615,1568744
06-09-2024,613.4000244,628.7999878,609,628.7999878,1015420
09-09-2024,608.5999756,615.4000244,594.0999756,615.4000244,841009
10-09-2024,609.5499878,625,605,611.5,1359182
11-09-2024,619.9000244,635,601.5499878,611.2000122,1472445
12-09-2024,637.4000244,650,622,627.9000244,2218597
13-09-2024,645.8499756,660,632.8499756,641.9000244,1364312
16-09-2024,647.75,659.9500122,640.75,650,990183
17-09-2024,649.5999756,663,643.7999878,647.75,1209920
18-09-2024,663.7999878,680,647.3499756,649.5,2628639
19-09-2024,679.0999756,685,651.0499878,677,1677286
20-09-2024,722.8499756,749,684.0499878,684.75,12652411
23-09-2024,741.4000244,748,718.3499756,729.9500122,3673355
24-09-2024,719.9000244,746,718,743.2999878,1178551
25-09-2024,723.1500244,731,705.5499878,720.25,1175370
26-09-2024,729.6500244,734,703.6500244,725.3499756,948837
27-09-2024,721.5499878,726.3499756,712,726.3499756,1089264
30-09-2024,704.4000244,714,696,714,798574
01-10-2024,727.5999756,734,701.75,704.75,911726
03-10-2024,701.6500244,725.5,700,714.8499756,894039
04-10-2024,721.0499878,728,670.9000244,701.5499878,1613663
07-10-2024,664.5499878,747.7999878,656.0499878,736.2000122,3041207
08-10-2024,728.4000244,740,653.5,664.5499878,2529489
09-10-2024,738.6500244,745.75,719.2000122,735.7999878,1291075
10-10-2024,755.2999878,762,740.0499878,744,1274664
11-10-2024,750.2000122,767,741.7999878,756.2999878,715069
14-10-2024,765.4000244,769.7999878,741.9000244,749.9500122,659909
15-10-2024,777.2000122,783,754.7000122,768.0499878,857615
16-10-2024,779.25,796.25,765.0999756,781.5,958010
17-10-2024,765.1500244,783.0999756,762.4500122,783,694271
18-10-2024,767.0499878,771.75,735,763.3499756,768711
21-10-2024,734.2000122,776.3499756,725.5499878,770.8499756,576162
22-10-2024,689.0499878,743.0999756,680.25,731.9000244,1477548
23-10-2024,690.3499756,726.9000244,678.5499878,699.9500122,1356155
24-10-2024,690.4500122,699.9000244,680.5,692,651845
25-10-2024,660.5999756,695.4500122,644,691,1445881
28-10-2024,681.1500244,686.2999878,635.0999756,663.9000244,1231958
29-10-2024,683.3499756,704.7000122,667.0499878,701.9500122,1081936
30-10-2024,692.75,699,683,687.4000244,484206
31-10-2024,740.7999878,748.9500122,695,695,2365311
01-11-2024,757.2000122,768,748,748,418727
04-11-2024,727.0499878,759.2999878,716.0999756,757.2000122,875707
05-11-2024,749.5,757.9000244,715.0499878,725.5,894580
06-11-2024,766.2000122,770,741,757.4500122,869363
07-11-2024,748.0999756,779.7000122,744.9500122,769.7000122,660914
08-11-2024,735.9000244,753,732.5,752.5999756,434158
11-11-2024,733,750,719.0499878,728.9500122,589877
12-11-2024,730.0499878,741.7999878,725.0999756,735.9500122,391162
13-11-2024,674.2000122,728,670.0499878,715.1500244,1598955
14-11-2024,674.9000244,694.9500122,663,674.2000122,810485
18-11-2024,651.7000122,681,650,678,940076
19-11-2024,653.4500122,693.5499878,648.5499878,659.9500122,1054520
21-11-2024,672.5,679.3499756,650.9000244,655,597989
22-11-2024,676.6500244,681.9500122,666.7999878,679.6500244,835027
25-11-2024,673.0499878,699,667.3499756,690.0499878,786465
26-11-2024,662.0499878,679.7999878,657.5499878,679.7999878,955929
27-11-2024,671.4500122,675.9000244,656.9500122,664,529707
28-11-2024,667.75,680,658,672,1181883
29-11-2024,673.4500122,679.5,660.0499878,669.7000122,1357675
02-12-2024,710.5,714.6500244,674.25,679.4500122,1764989
03-12-2024,715.6500244,729.9500122,707.0499878,719.7000122,1211813
04-12-2024,722.25,730,712.4500122,718.3499756,881403
05-12-2024,729.9500122,737.2000122,717.2000122,725.9500122,1135756
06-12-2024,740.0999756,746.5499878,724,730.0499878,1311030
09-12-2024,740.1500244,742.9000244,732.8499756,742.9000244,620508
10-12-2024,737.9500122,758.4000244,733.4000244,747,899909
11-12-2024,727.0499878,739.7999878,725,739,432530
12-12-2024,752.7999878,758.2000122,724.75,728.5,1635707
13-12-2024,759.4500122,764.1500244,733.4000244,750,915682
16-12-2024,787.2000122,790,758.0499878,759.4500122,1608452
17-12-2024,806.0999756,844,791.0499878,793.5999756,5968706
18-12-2024,800.0999756,811.5999756,786.0499878,805,1184390
19-12-2024,837.6500244,840.9000244,772.7999878,780,2090072
20-12-2024,847.2999878,874,831.9000244,850,4394440
23-12-2024,830.8499756,874,827.0499878,858.8499756,2125672
24-12-2024,821.0999756,839.2000122,816.3499756,835.0999756,652188
26-12-2024,818.9000244,832.0499878,802.1500244,824,685239
27-12-2024,824.1500244,831.25,816.3499756,822.9000244,579854
30-12-2024,844.4500122,880,812,827.2999878,979487
31-12-2024,855.3499756,864,828,850,1145593
01-01-2025,856.1500244,865,850.1500244,858,509196
02-01-2025,869.4000244,892.9000244,852.1500244,858.5,2056138
03-01-2025,879.0999756,889.9000244,868.0999756,870.4000244,955371
06-01-2025,856.1500244,880.25,851,879.0999756,1118027
07-01-2025,884.6500244,889.5999756,849.0499878,853.2999878,1292689
08-01-2025,935.5499878,947.9000244,885,890,6513726
09-01-2025,905.1500244,936,896.5,935.5499878,1544009
10-01-2025,885.1500244,920,871.6500244,898.7999878,2547175
13-01-2025,825,882.2000122,816.0499878,879.0999756,1715104
14-01-2025,829.9000244,844.9000244,807,830,1505754
15-01-2025,895.25,899.9500122,815.5,835.5499878,3276535
16-01-2025,887.2000122,912.4000244,882.7999878,896.9000244,1865621
17-01-2025,899.5,906.9000244,876.4000244,887.7000122,1359901
20-01-2025,919.5999756,924.5,888.2000122,907,1398925
21-01-2025,865.7000122,928,861,926,1931163
22-01-2025,836.5999756,865.9500122,818.6500244,865,1922885
23-01-2025,849.5,871.9500122,825.2000122,833.9500122,1067571
24-01-2025,810,855.9500122,803.3499756,851.4000244,1207696
27-01-2025,668.0999756,797.3499756,657.25,797,8554691
28-01-2025,534.5,652.7000122,534.5,604.4000244,12067018
29-01-2025,587.9500122,587.9500122,542.6500244,567,10539773
30-01-2025,561.4000244,622,551.0499878,600,6707318
31-01-2025,598.2999878,612,555,565.75,3416949
01-02-2025,638.4000244,645,601,604.7000122,2983714
03-02-2025,590.2000122,635,576.0999756,635,4118191
04-02-2025,571.5499878,613.8499756,568.75,605.2000122,1981898
05-02-2025,584.3499756,599,574.7999878,584,1915624
06-02-2025,596.2000122,619.2000122,583.2000122,587.9500122,3580793
07-02-2025,618.5,622,581.4000244,597.5,3020669
10-02-2025,632.9500122,639,610.4500122,623,3128769
11-02-2025,590.5499878,633.5999756,583.0499878,632.9500122,2490765
12-02-2025,579.9500122,587.5499878,551.5499878,583.75,3510799
13-02-2025,597.5999756,609.5,573.5499878,582,2269493
14-02-2025,555.4500122,601,543,597.75,1919557
17-02-2025,519.0499878,557.7000122,512.3499756,534.0499878,4256149
18-02-2025,510.6000061,536.9000244,493,529.8499756,3846200
19-02-2025,540.25,553.2999878,500,507,2453127
20-02-2025,543,547.7999878,525.0499878,538.7999878,1632841
21-02-2025,516.5499878,554.8499756,512,543.0999756,2111232
24-02-2025,514.4000244,521.6500244,493.4500122,508.8500061,1423969
25-02-2025,508.9500122,522.9000244,504.9500122,513.3499756,1079305
27-02-2025,482.8999939,514.7000122,475.6000061,509.7999878,1690256
28-02-2025,463.25,482,454.25,474,2238300
03-03-2025,450.2999878,472.2000122,418.75,467.25,4376232
04-03-2025,450.1499939,471.7000122,440,440,3352056
05-03-2025,463.2999878,472,451.0499878,451.0499878,1609782
06-03-2025,464.2000122,477.5,461.1000061,468,1462116
07-03-2025,501.2000122,508.8500061,461.3500061,464.2000122,4493921
10-03-2025,486.1499939,515,481.3500061,505.7999878,2559664
11-03-2025,512.7999878,516,461.4500122,476.6000061,3398076
12-03-2025,497.3999939,518,490.4500122,513.9500122,1776489
13-03-2025,490.5499878,505.8999939,483.5,496.75,1315715
17-03-2025,490.7999878,498,485,494.6000061,1007855
18-03-2025,490.7999878,490.7999878,490.7999878,490.7999878,0
19-03-2025,523.7000122,527.5,510.0499878,513,2055195
20-03-2025,520.6500244,534.9000244,516.5999756,525.5999756,1471803
21-03-2025,540.3499756,554,516.0999756,518.5,2487287
